Country Name,Country Code,Indicator Name,Indicator Code,2000,2001,2002,2003,2004,2005,2006,2007,2008,2009,2010,2011,2012,2013,2014,2015,2016
Gabon,GAB,"Agriculture, value added (annual % growth)",NV.AGR.TOTL.KD.ZG,5.259313358,2.984038851,-3.614894907,1.156674286,-0.510921746,4.475964608,11.45874259,5.649682402,-6.791402149,-6.993085109,-5.203385835,2.251028082,4.693941051,4.533375153,9.688036192,8.247691269,11.9372581
Gabon,GAB,Insurance and financial services (% of commercial service exports),TX.VAL.INSF.ZS.WT,0.4592432,16.43042771,31.41128087,31.68826199,17.3128588,24.26636211,,,,,,,,,,,
Gabon,GAB,CO2 emissions (kg per 2011 PPP $ of GDP),EN.ATM.CO2E.PP.GD.KD,0.214400987,0.214674703,0.205017326,0.20356628,0.20408854,0.20487993,0.181505826,0.16952032,0.177350219,0.18413555,0.180098039,0.165724593,0.16133149,0.158589639,,,
Gabon,GAB,CO2 emissions (metric tons per capita),EN.ATM.CO2E.PC,3.812587217,3.8027877,3.532692526,3.495415414,3.435279888,3.483729188,2.888232916,2.765283613,2.711326592,2.729299564,2.765547704,2.633946359,2.607034768,2.617165519,,,
Gabon,GAB,Rural population (% of total population),SP.RUR.TOTL.ZS,19.918,19.15,18.435,17.77,17.153,16.579,16.048,15.557,15.104,14.687,14.303,13.953,13.633,13.342,13.08,12.844,12.634
Gabon,GAB,Gross savings (% of GDP),NY.GNS.ICTR.ZS,41.65401027,33.56126065,34.08082102,32.43366947,32.07866593,43.46997173,,,,,,,,,,,
Gabon,GAB,"GDP per capita, PPP (current international $)",NY.GDP.PCAP.PP.CD,14094.92215,14360.74385,14183.62719,14415.83666,14520.14845,15140.01952,14603.76833,15369.08885,14686.45582,14347.16801,15045.16361,15893.51531,16457.15714,17078.17146,17569.02023,17926.42909,18107.59942
Gabon,GAB,GDP per capita growth (annual %),NY.GDP.PCAP.KD.ZG,-4.301698134,-0.384205745,-2.726606782,-0.349913193,-1.971907554,1.018626909,-6.417062523,2.512369718,-6.280019971,-3.046507419,3.599726289,3.501774349,1.673485564,2.124208033,1.064715694,0.948190657,-0.300566424
Gabon,GAB,GDP per capita (current US$),NY.GDP.PCAP.CD,4116.460693,3976.104887,4102.55271,4892.011618,5685.577736,6741.293948,7027.777345,8352.817101,10094.02746,7603.660223,8754.113376,10716.20258,9774.181017,9679.742995,9692.163874,7388.984144,7179.340661
Gabon,GAB,"Unemployment, total (% of total labor force) (modeled ILO estimate)",SL.UEM.TOTL.ZS,17.11499977,17.00300026,16.83499908,16.83399963,16.7329998,16.89999962,16.78000069,16.70700073,16.68400002,18.35199928,20.38999939,20.38699913,20.29299927,20.27400017,20.1970005,19.11000061,18.50499916
Gabon,GAB,GDP growth (annual %),NY.GDP.MKTP.KD.ZG,-1.882966398,2.135233422,-0.249033169,2.247330012,0.689543058,3.900705466,-3.634637434,5.658952383,-3.308430649,0.13033112,7.089887315,7.091753343,5.251076918,5.63841405,4.314877125,3.879257595,2.26199324
Gabon,GAB,Gross national expenditure (% of GDP),NE.DAB.TOTL.ZS,63.63757552,75.08814828,79.54128215,76.44373922,71.68922659,63.3450652,66.5622302,68.07526999,64.59944857,79.16111306,73.83067797,67.00963308,70.44212607,75.92018478,84.478515,82.12992502,86.01379204
Gabon,GAB,"Health expenditure, total (% of GDP)",SH.XPD.TOTL.ZS,2.88920101,3.2299484,3.21867604,3.47902086,3.25513645,2.75520343,2.88201626,2.8583196,2.535878,3.42794074,3.4057095,3.12257014,3.13156309,3.98331084,3.43747162,,
Gabon,GAB,"Average grant element on new external debt commitments, private (%)",DT.GRE.PRVT,0,0,12.328,0,0,24.6885,0,12.949,18.719,20.1191,26.8582,24.4873,35.5959,24.7233,0,18.4573,
Gabon,GAB,"Physicians (per 1,000 people)",SH.MED.PHYS.ZS,,,,,0.292,,,,,,,,,,,,
Gabon,GAB,"Nurses and midwives (per 1,000 people)",SH.MED.NUMW.P3,,,,,5.017,,,,,,,,,,,,
Gabon,GAB,"Community health workers (per 1,000 people)",SH.MED.CMHW.P3,,,,,,,,,,,,,,,,,
Gabon,GAB,"Hospital beds (per 1,000 people)",SH.MED.BEDS.ZS,,,,,,,2,,1.3,,6.3,,,,,,
Gabon,GAB,Total tax rate (% of commercial profits),IC.TAX.TOTL.CP.ZS,,,,,,44.6,44.2,44.2,44.2,44.2,43,43,43,43.2,40.1,45.2,45.2
Gabon,GAB,Urban population (% of total),SP.URB.TOTL.IN.ZS,80.082,80.85,81.565,82.23,82.847,83.421,83.952,84.443,84.896,85.313,85.697,86.047,86.367,86.658,86.92,87.156,87.366
United States,USA,Insurance and financial services (% of commercial service exports),TX.VAL.INSF.ZS.WT,9.155690837,9.514522977,10.58977796,12.03673382,13.40611943,13.2736653,14.42144904,15.44837884,14.87732002,16.05581664,15.95909086,15.42038482,14.75466242,16.47822467,17.29399543,16.37069664,15.62949201
United States,USA,CO2 emissions (kg per 2011 PPP $ of GDP),EN.ATM.CO2E.PP.GD.KD,0.439429209,0.427517195,0.423563623,0.414223903,0.405034152,0.394079444,0.377797157,0.377120624,0.366967535,0.354059352,0.354138149,0.341880733,0.322498271,0.321540586,,,
United States,USA,CO2 emissions (metric tons per capita),EN.ATM.CO2E.PC,20.20761476,19.65619321,19.63919577,19.57623905,19.68358135,19.61027504,19.11613882,19.23746045,18.48923375,17.19236714,17.48472797,17.02246923,16.29246,16.4012901,,,
United States,USA,Urban population (% of total),SP.URB.TOTL.IN.ZS,79.057,79.234,79.409,79.583,79.757,79.928,80.099,80.269,80.438,80.606,80.772,80.94,81.108,81.277,81.447,81.617,81.788
United States,USA,Rural population (% of total population),SP.RUR.TOTL.ZS,20.943,20.766,20.591,20.417,20.243,20.072,19.901,19.731,19.562,19.394,19.228,19.06,18.892,18.723,18.553,18.383,18.212
United States,USA,Gross savings (% of GDP),NY.GNS.ICTR.ZS,20.6837687,19.55247611,18.21152494,17.37584606,17.56159792,17.93830725,19.18739817,17.34828444,15.49589696,14.43674166,15.1812318,15.7885113,17.80078371,18.36441229,19.27390414,19.19672103,
United States,USA,"GDP per capita, PPP (current international $)",NY.GDP.PCAP.PP.CD,36449.85512,37273.6181,38166.03784,39677.19835,41921.80976,44307.92058,46437.06712,48061.53766,48401.42734,47001.55535,48373.87882,49790.66548,51450.1223,52787.02695,54598.55069,56207.03675,57466.78711
United States,USA,GDP per capita growth (annual %),NY.GDP.PCAP.KD.ZG,2.940291775,-0.018489778,0.846125953,1.926956876,2.829653489,2.397046016,1.681416459,0.815188221,-1.230282169,-3.624124115,1.677898143,0.846716825,1.463850946,0.967810662,1.612537597,1.850196165,0.914094448
United States,USA,GDP per capita (current US$),NY.GDP.PCAP.CD,36449.85512,37273.6181,38166.03784,39677.19835,41921.80976,44307.92058,46437.06712,48061.53766,48401.42734,47001.55535,48373.87882,49790.66548,51450.1223,52787.02695,54598.55069,56207.03675,57466.78711
United States,USA,"Unemployment, total (% of total labor force) (modeled ILO estimate)",SL.UEM.TOTL.ZS,4,4.699999809,5.800000191,6,5.5,5.099999905,4.599999905,4.599999905,5.800000191,9.300000191,9.600000381,8.899999619,8.100000381,7.400000095,6.199999809,5.300000191,4.906000137
United States,USA,GDP growth (annual %),NY.GDP.MKTP.KD.ZG,4.092176449,0.975981834,1.786127687,2.806775956,3.78574285,3.345216063,2.666625826,1.77857024,-0.291621459,-2.775529574,2.531920616,1.601454672,2.224030854,1.67733153,2.370457671,2.596148041,1.61565606
United States,USA,"Agriculture, value added (annual % growth)",NV.AGR.TOTL.KD.ZG,14.99971236,-5.15811151,-0.097573872,10.12591406,4.145992586,8.873306478,1.467106355,-14.89992641,6.399595262,13.34243487,1.387902036,-5.416210583,-8.120638174,19.39096037,-0.683164695,2.952244638,
United States,USA,Gross national expenditure (% of GDP),NE.DAB.TOTL.ZS,103.6538948,103.4709952,103.8848869,104.3755489,105.0441844,105.5078669,105.5640389,104.9631172,104.9126132,102.7425144,103.4258504,103.7375807,103.5014105,102.947635,102.9252285,102.8939468,
United States,USA,"Health expenditure, total (% of GDP)",SH.XPD.TOTL.ZS,13.06983845,13.72876259,14.54940527,15.05869771,15.13565701,15.15399054,15.2700426,15.56604376,16.02261006,16.99914257,17.0167582,17.05713122,17.01736133,16.89772211,17.14075435,,
United States,USA,"Average grant element on new external debt commitments, private (%)",DT.GRE.PRVT,,,,,,,,,,,,,,,,,
United States,USA,"Physicians (per 1,000 people)",SH.MED.PHYS.ZS,2.564,2.2,2.3,,2.672,2.409,2.402,2.41,2.416,2.422,2.41,2.452,,,,,
United States,USA,"Nurses and midwives (per 1,000 people)",SH.MED.NUMW.P3,9.367,,,,,9.815,,,,,9.815,,,,,,
United States,USA,"Community health workers (per 1,000 people)",SH.MED.CMHW.P3,,,,,,,,,,,,,,,,,
United States,USA,"Hospital beds (per 1,000 people)",SH.MED.BEDS.ZS,3.5,3.5,3.400000095,3.3,,3.2,3.1,3.1,3.1,3,3,2.9,,,,,
United States,USA,Total tax rate (% of commercial profits),IC.TAX.TOTL.CP.ZS,,,,,,45.5,47.1,45.7,46.4,46,46.5,46.4,46.4,43.8,43.8,43.9,44
United Kingdom,GBR,"Physicians (per 1,000 people)",SH.MED.PHYS.ZS,1.9,2,2.3,2.2,,,,,,,2.743,2.765,2.79,2.809,,,
United Kingdom,GBR,"Nurses and midwives (per 1,000 people)",SH.MED.NUMW.P3,,,,0.628,,,,,,,10.133,9.472,8.826,8.801,,,
United Kingdom,GBR,"Community health workers (per 1,000 people)",SH.MED.CMHW.P3,,,,,,,,,,,,,,,,,
United Kingdom,GBR,"Hospital beds (per 1,000 people)",SH.MED.BEDS.ZS,4.199999809,4.199999809,4.199999809,4.199999809,3.9,,,,3.4,3.3,2.98,2.9,,,,,
United Kingdom,GBR,Insurance and financial services (% of commercial service exports),TX.VAL.INSF.ZS.WT,25.06759336,27.74773366,27.40289214,30.04651961,28.82988462,32.07472734,34.81601986,36.50044784,34.55036176,35.08769714,32.95724087,34.74235466,34.59344954,32.9146903,30.18027637,30.11563009,29.85052217
United Kingdom,GBR,CO2 emissions (kg per 2011 PPP $ of GDP),EN.ATM.CO2E.PP.GD.KD,0.279099603,0.27373784,0.258895897,0.255601532,0.248945728,0.243258104,0.23682722,0.225366984,0.2232043,0.211466978,0.217268014,0.19423355,0.19996074,0.192126794,,,
United Kingdom,GBR,CO2 emissions (metric tons per capita),EN.ATM.CO2E.PC,9.199549233,9.233174987,8.904123108,9.053277839,8.989140127,8.982938536,8.89871022,8.617163681,8.414456568,7.569499329,7.864204594,7.080978701,7.334310859,7.133721709,,,
United Kingdom,GBR,Urban population (% of total),SP.URB.TOTL.IN.ZS,78.651,78.751,79.047,79.339,79.629,79.915,80.199,80.479,80.757,81.031,81.302,81.57,81.834,82.092,82.345,82.592,82.835
United Kingdom,GBR,Rural population (% of total population),SP.RUR.TOTL.ZS,21.349,21.249,20.953,20.661,20.371,20.085,19.801,19.521,19.243,18.969,18.698,18.43,18.166,17.908,17.655,17.408,17.165
United Kingdom,GBR,Gross savings (% of GDP),NY.GNS.ICTR.ZS,16.65378741,16.44240057,16.29083048,16.1931612,15.72965315,16.4394621,15.80818357,16.05167312,13.80860862,11.78807172,13.23215257,14.07543343,12.42143426,12.31100211,12.75002341,12.89824399,12.62947418
United Kingdom,GBR,"GDP per capita, PPP (current international $)",NY.GDP.PCAP.PP.CD,26030.72882,27358.97189,28630.36796,29898.23589,31617.61228,32274.76374,34332.30121,35151.34069,36068.09323,34402.96146,35740.7372,36456.00216,37477.80229,39016.75868,40709.19732,41767.28965,42608.91939
United Kingdom,GBR,GDP per capita growth (annual %),NY.GDP.PCAP.KD.ZG,3.374942208,2.331396768,1.964679023,2.985577498,1.946208096,2.267499433,1.752323879,1.760352735,-1.406231896,-5.048663909,1.119383533,0.718681635,0.611016523,1.23102841,2.296920297,1.385038373,1.017503504
United Kingdom,GBR,GDP per capita (current US$),NY.GDP.PCAP.CD,27769.93125,27284.22404,29603.46576,34007.88876,39824.76181,41524.06554,44016.72641,49949.15488,46523.26545,38010.10045,38709.91166,41240.42486,41538.30726,42407.37101,46412.11727,43929.69081,39899.38839
United Kingdom,GBR,"Unemployment, total (% of total labor force) (modeled ILO estimate)",SL.UEM.TOTL.ZS,5.561999798,4.696000099,5.037000179,4.80700016,4.593999863,4.75,5.349999905,5.262000084,5.614999771,7.537000179,7.787000179,8.036999702,7.886000156,7.526000023,6.111000061,5.301000118,4.848999977
United Kingdom,GBR,"Agriculture, value added (annual % growth)",NV.AGR.TOTL.KD.ZG,1.322313864,-5.69149931,12.89640608,-4.256043735,-2.355974115,7.948648111,-6.013833311,-3.724311003,6.879194425,-6.061398977,-0.575619242,10.94406601,-7.272114997,0.689843029,13.93671619,1.083946948,-3.843144037
United Kingdom,GBR,Gross national expenditure (% of GDP),NE.DAB.TOTL.ZS,101.890989,102.3298753,102.8094439,102.4456537,102.7126757,102.6461137,102.4808951,102.6090705,102.9527851,102.2610021,102.7087219,101.6618825,102.228837,102.255624,101.9875664,101.5906326,101.898448
United Kingdom,GBR,"Average grant element on new external debt commitments, private (%)",DT.GRE.PRVT,,,,,,,,,,,,,,,,,
United Kingdom,GBR,"Health expenditure, total (% of GDP)",SH.XPD.TOTL.ZS,6.9408116,7.31085769,7.56801541,7.81211385,7.97890281,8.23536912,8.36326097,8.41613855,8.85089693,9.80995593,9.50702943,9.33870027,9.41083326,9.33908653,9.11547172,,
United Kingdom,GBR,Total tax rate (% of commercial profits),IC.TAX.TOTL.CP.ZS,,,,,,34.7,34.6,34.6,34.2,34.9,36.1,36.2,35,34.7,33.5,32,30.9
United Kingdom,GBR,GDP growth (annual %),NY.GDP.MKTP.KD.ZG,3.744962443,2.726107338,2.397248284,3.466238898,2.52787714,2.972095798,2.50300856,2.555819112,-0.627205201,-4.327737609,1.915161833,1.509061782,1.313018598,1.911078411,3.070483794,2.194229035,1.80601839
Spain,ESP,"Unemployment, total (% of total labor force) (modeled ILO estimate)",SL.UEM.TOTL.ZS,13.78499985,10.34799957,11.14599991,11.28299999,11.09000015,9.145999908,8.451999664,8.232000351,11.25500011,17.85700035,19.86000061,21.39100075,24.78700066,26.09399986,24.44099998,22.05699921,19.4470005
Spain,ESP,GDP growth (annual %),NY.GDP.MKTP.KD.ZG,5.289093179,4.001069225,2.879762121,3.187571476,3.166746501,3.723102943,4.174119116,3.768895263,1.115972755,-3.57381203,0.013786544,-1.000080488,-2.929811429,-1.705894868,1.378998287,3.204680464,3.235753073
Spain,ESP,Insurance and financial services (% of commercial service exports),TX.VAL.INSF.ZS.WT,,,,,,,,,,,,,,4.936193492,4.561354515,4.751816794,4.410336193
Spain,ESP,"Physicians (per 1,000 people)",SH.MED.PHYS.ZS,4.393,4.414,4.537,4.644,4.733,4.624,4.682,4.772,4.89,4.991,5.08,4.874,4.894,4.949,,,
Spain,ESP,"Nurses and midwives (per 1,000 people)",SH.MED.NUMW.P3,5.018,5.102,5.207,5.377,5.483,5.364,5.465,5.573,5.713,5.821,5.976,5.776,5.678,5.665,,,
Spain,ESP,"Community health workers (per 1,000 people)",SH.MED.CMHW.P3,,,,,,,,,,,,,,,,,
Spain,ESP,"Hospital beds (per 1,000 people)",SH.MED.BEDS.ZS,4.099999905,3.900000095,3.900000095,3.5,,3.4,3.4,,3.2,3.2,3.16,3.1,,,,,
Spain,ESP,CO2 emissions (kg per 2011 PPP $ of GDP),EN.ATM.CO2E.PP.GD.KD,0.242192548,0.235560748,0.241796909,0.239228841,0.245123885,0.246096076,0.233946258,0.230730326,0.209743129,0.190401356,0.178931242,0.180496577,0.181979982,0.165692654,,,
Spain,ESP,CO2 emissions (metric tons per capita),EN.ATM.CO2E.PC,7.257824346,7.290748328,7.591280782,7.611166445,7.908050681,8.097058048,7.88419571,7.920890716,7.165531607,6.216973378,5.816416366,5.788018458,5.660938803,5.082982524,,,
Spain,ESP,Urban population (% of total),SP.URB.TOTL.IN.ZS,76.262,76.343,76.533,76.778,77.022,77.263,77.502,77.74,77.976,78.21,78.442,78.673,78.902,79.129,79.355,79.579,79.802
Spain,ESP,Rural population (% of total population),SP.RUR.TOTL.ZS,23.738,23.657,23.467,23.222,22.978,22.737,22.498,22.26,22.024,21.79,21.558,21.327,21.098,20.871,20.645,20.421,20.198
Spain,ESP,Gross savings (% of GDP),NY.GNS.ICTR.ZS,22.49000009,22.42188804,23.07877242,23.86125526,23.08191751,22.45766411,22.22272988,21.69510789,20.39983156,20.22038225,19.59502194,18.6491679,19.65881647,20.19477481,20.40564881,21.42424256,22.32162131
Spain,ESP,"GDP per capita, PPP (current international $)",NY.GDP.PCAP.PP.CD,21517.32964,22963.37842,24363.01492,25054.49149,26198.5836,27702.46431,30832.97075,32584.25538,33463.11447,32423.60174,31984.15525,32067.19245,31986.50036,32602.03033,33658.1648,34696.33621,36309.8443
Spain,ESP,GDP per capita growth (annual %),NY.GDP.PCAP.KD.ZG,4.819357634,3.281730235,1.436703614,1.338243755,1.40190868,1.985575466,2.428008519,1.865717665,-0.484361943,-4.424122162,-0.445626836,-1.351240941,-2.992814729,-1.383287264,1.682525349,3.278416032,3.244061909
Spain,ESP,GDP per capita (current US$),NY.GDP.PCAP.CD,14676.70609,15323.6114,17019.53541,21495.70741,24918.64584,26510.71745,28482.60948,32709.40104,35578.73619,32333.4661,30736.00228,31834.21816,28562.29324,29210.09342,29600.47225,25683.84565,26528.49179
Spain,ESP,"Agriculture, value added (annual % growth)",NV.AGR.TOTL.KD.ZG,7.388196855,-1.513653305,0.876583256,-0.780921027,-2.530961843,-8.027550172,5.917796428,7.155627794,-2.711311668,-3.632678516,2.13962142,4.43511662,-9.676563152,13.55946434,-1.57480315,-2.922065728,3.416257206
Spain,ESP,Gross national expenditure (% of GDP),NE.DAB.TOTL.ZS,103.0054932,102.3497272,102.0285925,102.2167543,103.8546818,104.9995379,105.9153311,105.9909864,105.1250351,101.1503808,101.3050079,100.2458864,98.53110051,96.7443552,97.58241122,97.55066523,97.08991598
Spain,ESP,"Health expenditure, total (% of GDP)",SH.XPD.TOTL.ZS,7.21475551,7.24157367,7.25041069,7.98814212,8.04569615,8.11898424,8.23258934,8.35762244,8.80496468,9.52140118,9.55574089,9.47835693,9.38884953,9.09572402,9.02988651,,
Spain,ESP,"Average grant element on new external debt commitments, private (%)",DT.GRE.PRVT,,,,,,,,,,,,,,,,,
Spain,ESP,Total tax rate (% of commercial profits),IC.TAX.TOTL.CP.ZS,,,,,,60.4,60.5,60.7,58.8,55.8,55.5,37.9,37.9,57.1,58.2,50,49
Italy,ITA,"Physicians (per 1,000 people)",SH.MED.PHYS.ZS,4.2,4.4,4.4,4.1,4.203,,3.7,,4.242,3.802,3.486,4.092,3.764,,,,
Italy,ITA,"Nurses and midwives (per 1,000 people)",SH.MED.NUMW.P3,,,,5.44,,,6.932,,,,0.29,,,,,,
Italy,ITA,"Community health workers (per 1,000 people)",SH.MED.CMHW.P3,,,,,,,,,,,,,,,,,
Italy,ITA,"Hospital beds (per 1,000 people)",SH.MED.BEDS.ZS,4.699999809,4.599999905,4.400000095,,4,4,3.9,,3.7,3.6,3.53,3.4,,,,,
Italy,ITA,Total tax rate (% of commercial profits),IC.TAX.TOTL.CP.ZS,,,,,,76.7,75.3,75.3,72.5,67.6,67.6,67.6,67.6,65.6,65.2,64.8,62
Italy,ITA,Insurance and financial services (% of commercial service exports),TX.VAL.INSF.ZS.WT,4.505103975,6.417952623,6.996869563,5.463795989,5.698833186,6.087005077,6.698574698,7.025131426,5.502871149,6.772658281,6.389087698,6.863706507,6.869350643,6.871828211,6.816370481,6.436038637,6.601282818
Italy,ITA,CO2 emissions (kg per 2011 PPP $ of GDP),EN.ATM.CO2E.PP.GD.KD,0.216573034,0.212699607,0.213238209,0.220319811,0.219492046,0.217158067,0.211070665,0.20504881,0.200288054,0.190298838,0.188899312,0.184402958,0.176141439,0.167265866,,,
Italy,ITA,CO2 emissions (metric tons per capita),EN.ATM.CO2E.PC,7.912673166,7.904432663,7.932323042,8.17175128,8.216487201,8.166090128,8.072145596,7.917347216,7.60176497,6.795651486,6.83837457,6.702557614,6.205044324,5.723809985,,,
Italy,ITA,Urban population (% of total),SP.URB.TOTL.IN.ZS,67.222,67.282,67.382,67.501,67.62,67.738,67.856,67.974,68.092,68.209,68.327,68.444,68.56,68.686,68.821,68.964,69.116
Italy,ITA,Rural population (% of total population),SP.RUR.TOTL.ZS,32.778,32.718,32.618,32.499,32.38,32.262,32.144,32.026,31.908,31.791,31.673,31.556,31.44,31.314,31.179,31.036,30.884
Italy,ITA,"Unemployment, total (% of total labor force) (modeled ILO estimate)",SL.UEM.TOTL.ZS,10.84200001,9.595000267,9.208000183,8.866000175,7.866000175,7.730000019,6.77699995,6.074999809,6.72300005,7.749000072,8.362000465,8.359000206,10.65499973,12.14900017,12.68299961,11.89599991,11.54100037
Italy,ITA,Gross savings (% of GDP),NY.GNS.ICTR.ZS,20.77287342,21.19427155,21.13586879,20.46244414,20.82193567,20.19606412,20.39833359,20.79372578,18.97233363,17.51089362,17.11167322,17.45627376,17.49588991,17.9209865,18.90584367,18.75186663,19.64146049
Italy,ITA,"GDP per capita, PPP (current international $)",NY.GDP.PCAP.PP.CD,27006.39772,27996.73118,28641.55892,29079.55062,29468.15937,30051.77252,32350.57784,33983.15182,35402.91755,34549.27609,35075.7532,36347.34335,36237.10964,36131.13125,36294.07193,37255.17001,38160.67359
Italy,ITA,GDP per capita growth (annual %),NY.GDP.PCAP.KD.ZG,3.663134183,1.715039025,0.099370852,-0.292868099,0.92663808,0.454825968,1.70045723,0.962787147,-1.703749434,-5.911710901,1.374225006,0.40380335,-3.080609243,-2.860797015,-0.800674505,0.880421769,1.096284131
Italy,ITA,GDP per capita (current US$),NY.GDP.PCAP.CD,20051.2426,20400.8109,22196.50736,27387.2258,31174.56118,31959.26215,33410.7482,37698.78573,40640.18465,36976.84512,35849.37364,38334.68477,34814.12436,35370.27441,35396.66517,30049.14755,30527.2682
Italy,ITA,GDP growth (annual %),NY.GDP.MKTP.KD.ZG,3.710107987,1.77218597,0.248546306,0.151323895,1.581936027,0.949664837,2.00658763,1.473871503,-1.050405284,-5.482053957,1.686523279,0.57662466,-2.819019127,-1.728157335,0.113671537,0.783243955,0.879890549
Italy,ITA,"Agriculture, value added (annual % growth)",NV.AGR.TOTL.KD.ZG,-1.313380537,-3.148287633,-4.270704795,-3.848900701,11.97480966,-4.668561248,-0.590428746,0.164749542,1.158985174,-1.626550631,0.362798995,1.911643715,-2.589751814,1.394577711,-2.322851747,4.420316061,-0.653689406
Italy,ITA,Gross national expenditure (% of GDP),NE.DAB.TOTL.ZS,99.15894358,98.74472344,99.25405201,99.54716692,99.41784361,100.1104924,100.8363388,100.3592506,100.7889258,100.6559235,101.9691795,101.5702932,99.01215018,97.74141299,97.14673887,97.08937735,96.53904139
Italy,ITA,"Health expenditure, total (% of GDP)",SH.XPD.TOTL.ZS,7.91371676,8.11320938,8.22996699,8.17185036,8.49431614,8.70707069,8.81849072,8.48168567,8.88584923,9.41489657,9.41991203,9.27499911,9.28206804,9.21721878,9.24791783,,
Italy,ITA,"Average grant element on new external debt commitments, private (%)",DT.GRE.PRVT,,,,,,,,,,,,,,,,,
"Congo, Rep.",COG,"Unemployment, total (% of total labor force) (modeled ILO estimate)",SL.UEM.TOTL.ZS,16.03300095,10.23600006,11.24300003,11.92500019,12.64299965,15.85499954,13.88000011,13.28899956,12.72000027,16.10000038,14.58500004,13.07400036,10,9.982000351,10.05599976,10.61800003,11.18700027
"Congo, Rep.",COG,"Agriculture, value added (annual % growth)",NV.AGR.TOTL.KD.ZG,4.363207547,8.02259887,8.577405858,6.262042389,4.805077063,4.411764706,5.385252693,5.000157233,5.579553939,-3.186414778,6.256173324,8.389981681,5.55877042,7.987405711,8.069057103,5.240000013,5.373371652
"Congo, Rep.",COG,Insurance and financial services (% of commercial service exports),TX.VAL.INSF.ZS.WT,1.599039927,3.079038623,2.490860479,15.93662628,15.90909091,28.19100092,30.82191781,31.42660234,,,,,,,,,
"Congo, Rep.",COG,Urban population (% of total),SP.URB.TOTL.IN.ZS,58.695,59.156,59.617,60.076,60.533,60.988,61.441,61.893,62.341,62.786,63.228,63.666,64.1,64.531,64.957,65.38,65.798
"Congo, Rep.",COG,Rural population (% of total population),SP.RUR.TOTL.ZS,41.305,40.844,40.383,39.924,39.467,39.012,38.559,38.107,37.659,37.214,36.772,36.334,35.9,35.469,35.043,34.62,34.202
"Congo, Rep.",COG,Gross savings (% of GDP),NY.GNS.ICTR.ZS,30.55557773,20.33909311,22.62357155,4.101224468,19.76073274,16.58557686,5.876510752,15.15159464,,,,,,,,,
"Congo, Rep.",COG,"GDP per capita, PPP (current international $)",NY.GDP.PCAP.PP.CD,3551.0935,3667.709208,3790.19575,3791.130711,3915.741745,4223.075367,4474.881179,4369.053334,4543.927309,4760.444179,5081.434342,5213.946937,5368.266975,5502.484191,5833.764772,5901.682602,5718.788841
"Congo, Rep.",COG,GDP per capita growth (annual %),NY.GDP.PCAP.KD.ZG,4.595113178,0.982643623,1.777185896,-1.930885431,0.522812427,4.486666389,2.804197998,-4.895969042,2.001682235,3.975347194,5.454888977,0.53216465,1.09748692,0.871120616,4.155808715,0.087359076,-4.356862976
"Congo, Rep.",COG,GDP per capita (current US$),NY.GDP.PCAP.CD,998.1968921,842.7090677,886.3616653,998.1013117,1289.337837,1637.064381,2012.11007,2111.209489,2881.594292,2255.332879,2737.342365,3196.647534,2952.052348,2964.573152,2910.520153,1712.121131,1528.24483
"Congo, Rep.",COG,GDP growth (annual %),NY.GDP.MKTP.KD.ZG,7.575980392,3.8026019,4.581870061,0.813264075,3.476631623,7.755758978,6.235997013,-1.58222275,5.572264173,7.468878032,8.751655799,3.42062127,3.799995854,3.440705249,6.779940953,2.646447938,-1.86466295
"Congo, Rep.",COG,CO2 emissions (kg per 2011 PPP $ of GDP),EN.ATM.CO2E.PP.GD.KD,0.072569963,0.051089178,0.036696604,0.057962693,0.058031798,0.055726346,0.059697194,0.065827675,0.067251024,0.081508129,0.084619684,0.094912245,0.097593518,0.098266347,,,
"Congo, Rep.",COG,CO2 emissions (metric tons per capita),EN.ATM.CO2E.PC,0.325124228,0.231136261,0.168972288,0.261740193,0.263422291,0.264306556,0.291079843,0.305257019,0.318099788,0.400862823,0.438867046,0.494867408,0.514431958,0.522490773,,,
"Congo, Rep.",COG,Gross national expenditure (% of GDP),NE.DAB.TOTL.ZS,63.31558997,75.89242738,72.42322011,95.23704614,70.30861305,70.34722109,81.46028888,74.99362907,71.85099485,79.78745131,69.5782538,70.55267867,76.55412044,89.53952328,97.26587838,127.0947427,122.3504112
"Congo, Rep.",COG,"Average grant element on new external debt commitments, private (%)",DT.GRE.PRVT,0,0,0,7.2353,0,0,0,0,21.621,0,18.2792,12.4422,19.3557,0,19.4065,0,
"Congo, Rep.",COG,"Health expenditure, total (% of GDP)",SH.XPD.TOTL.ZS,2.12504959,2.43633674,2.45276459,2.61050747,2.55529589,2.42171832,2.3727083,2.53770363,2.08514176,2.26558576,2.29284845,2.79015169,3.97634646,5.09464112,5.15141136,,
"Congo, Rep.",COG,Total tax rate (% of commercial profits),IC.TAX.TOTL.CP.ZS,,,,,,64.5,64.5,64.5,64.5,64.5,64.5,63.1,64.5,55.8,55,56,54.3
"Congo, Rep.",COG,"Physicians (per 1,000 people)",SH.MED.PHYS.ZS,,,,,0.198,,0.19,0.095,,,0.095,,,,,,
"Congo, Rep.",COG,"Nurses and midwives (per 1,000 people)",SH.MED.NUMW.P3,,,,,0.962,,1.275,0.824,,,0.824,,,,,,
"Congo, Rep.",COG,"Community health workers (per 1,000 people)",SH.MED.CMHW.P3,,,,,0.032,,,,,,,,,,,,
"Congo, Rep.",COG,"Hospital beds (per 1,000 people)",SH.MED.BEDS.ZS,,,,,,1.6,,,,,,,,,,,
Sudan,SDN,Gross savings (% of GDP),NY.GNS.ICTR.ZS,23.60328737,19.19639726,21.09351927,20.51250975,24.4980752,16.8807023,18.52975227,21.53437845,23.44108931,15.249733,21.04672449,21.17569517,5.756519091,-21.81819548,5.517258223,5.870788797,
Sudan,SDN,"GDP per capita, PPP (current international $)",NY.GDP.PCAP.PP.CD,1812.470805,1919.533987,2016.667389,2154.735328,2237.188411,2415.537115,2668.223752,2975.82959,3187.310976,3231.236495,3298.004749,3631.663456,4172.538735,4322.99132,4411.974538,4568.086152,4730.292058
Sudan,SDN,GDP per capita growth (annual %),NY.GDP.PCAP.KD.ZG,3.406862402,3.547289229,3.471837915,4.757419743,1.048059231,4.606154351,7.168389538,8.637283783,5.046040171,0.614039243,0.834792441,7.889471189,12.81520637,1.959133191,0.263305647,2.436229194,2.206677365
Sudan,SDN,GDP per capita (current US$),NY.GDP.PCAP.CD,361.0305843,377.5254454,412.1517561,477.7384078,565.0569459,679.7539949,893.8793645,1115.6952,1291.528826,1226.884381,1476.478087,1666.857757,1892.894352,1955.660799,2176.898029,2513.884661,2415.038162
Sudan,SDN,Insurance and financial services (% of commercial service exports),TX.VAL.INSF.ZS.WT,0,8.148148148,0.329678755,2.673969072,2.46559633,9.559460686,10.19643824,5.767617729,18.50031871,4.686596439,6.674485514,4.317907528,2.513192584,0.806268337,0.205922868,0.763962554,
Sudan,SDN,CO2 emissions (kg per 2011 PPP $ of GDP),EN.ATM.CO2E.PP.GD.KD,0.071276077,0.077037697,0.092263123,0.095696281,0.116396138,0.103747925,0.10310506,0.108708165,0.106469052,0.107614012,0.106529878,0.106743294,0.09942516,0.100337523,,,
Sudan,SDN,CO2 emissions (metric tons per capita),EN.ATM.CO2E.PC,0.159133714,0.178055693,0.220598608,0.239590405,0.29422066,0.273950845,0.291193188,0.332724015,0.341440489,0.346451108,0.345245386,0.330142237,0.301083381,0.309100309,,,
Sudan,SDN,Urban population (% of total),SP.URB.TOTL.IN.ZS,32.495,32.548,32.601,32.654,32.707,32.76,32.813,32.866,32.919,32.99,33.08,33.188,33.315,33.46,33.623,33.806,34.007
Sudan,SDN,Rural population (% of total population),SP.RUR.TOTL.ZS,67.505,67.452,67.399,67.346,67.293,67.24,67.187,67.134,67.081,67.01,66.92,66.812,66.685,66.54,66.377,66.194,65.993
Sudan,SDN,GDP growth (annual %),NY.GDP.MKTP.KD.ZG,6.345867769,6.500360421,6.427273901,7.734591717,3.883307291,7.489738142,10.064308,11.52191003,7.801963334,3.241847572,3.469335093,-1.967728979,0.521559267,4.394711132,2.679411813,4.906045175,4.668834704
Sudan,SDN,"Unemployment, total (% of total labor force) (modeled ILO estimate)",SL.UEM.TOTL.ZS,14.6260004,14.40600014,14.32600021,14.29399967,14.22200012,14.10700035,14.1420002,14.08899975,14.80000019,13,12.96399975,12.89500046,12.8579998,12.96700001,12.9119997,13.17800045,13.30200005
Sudan,SDN,"Agriculture, value added (annual % growth)",NV.AGR.TOTL.KD.ZG,-3.451938703,4.613434156,2.972598269,-0.22493277,-2.501275072,2.237293332,8.682805169,-1.377305939,3.348107962,-2.969771086,0.723441052,7.037712887,18.15129182,3.999999614,-4.11392782,2.784146777,5.199999492
Sudan,SDN,Gross national expenditure (% of GDP),NE.DAB.TOTL.ZS,97.43512034,101.3976048,103.4383908,102.3419061,102.2743897,109.2237051,107.5975886,100.7799501,95.49398061,104.0294326,97.48861299,97.97640615,106.2826174,106.0474045,103.1605652,102.7363519,102.6982255
Sudan,SDN,"Average grant element on new external debt commitments, private (%)",DT.GRE.PRVT,0,0,0,0,0,0,0,0,0,0,0,0,0,0,0,0,
Sudan,SDN,"Health expenditure, total (% of GDP)",SH.XPD.TOTL.ZS,3.22544835,2.96223361,2.94690725,3.17703293,3.39271563,3.1765208,3.92670182,4.72342094,8.16712987,8.0387379,7.96507777,8.02944311,8.20038881,8.42182058,8.42877471,,
Sudan,SDN,Total tax rate (% of commercial profits),IC.TAX.TOTL.CP.ZS,,,,,,49.7,36.1,36.1,36.1,36.1,36.1,36.1,36.1,45.4,45.4,45.4,45.4
Sudan,SDN,"Physicians (per 1,000 people)",SH.MED.PHYS.ZS,0.158,,,,0.22,,0.3,0.3,0.28,,0.28,,,,,,
Sudan,SDN,"Nurses and midwives (per 1,000 people)",SH.MED.NUMW.P3,,,,,0.917,,0.902,0.86,0.84,,0.84,,,,,,
Sudan,SDN,"Community health workers (per 1,000 people)",SH.MED.CMHW.P3,,,,,0.169,,,,,,,,,,,,
Sudan,SDN,"Hospital beds (per 1,000 people)",SH.MED.BEDS.ZS,,,0.699999988,,0.7,,0.73,0.73,0.7,0.7,,,0.8,,,,
Sierra Leone,SLE,"Unemployment, total (% of total labor force) (modeled ILO estimate)",SL.UEM.TOTL.ZS,3.135999918,3.187999964,3.25,3.309000015,3.400000095,3.305000067,3.210999966,3.118999958,3.029000044,3.020999908,3.012000084,3.308000088,3.124000072,2.950000048,2.799999952,2.970000029,2.994999886
Sierra Leone,SLE,"Agriculture, value added (annual % growth)",NV.AGR.TOTL.KD.ZG,7.798467703,-37.53412407,31.73655421,9.470205416,8.791278188,6.825829879,5.967123689,13.25282585,6.6827236,4.021446062,3.516931132,4.891116345,3.846717858,4.552871188,0.803679467,3.533604143,3.838743773
Sierra Leone,SLE,Insurance and financial services (% of commercial service exports),TX.VAL.INSF.ZS.WT,0.067197391,0.064925751,1.019277751,0.206227744,0.783875295,2.977554558,6.071794425,1.967923035,1.696641949,0.769592853,1.48067505,0.564176502,0.629060888,0.434986074,0.685933423,,
Sierra Leone,SLE,CO2 emissions (kg per 2011 PPP $ of GDP),EN.ATM.CO2E.PP.GD.KD,0.102104928,0.146924164,0.124616151,0.122162766,0.11286095,0.092102702,0.117154051,0.094865248,0.09309115,0.087480773,0.09235509,0.109033069,0.108571222,0.104022615,,,
Sierra Leone,SLE,CO2 emissions (metric tons per capita),EN.ATM.CO2E.PC,0.093195513,0.11993403,0.122795133,0.125535119,0.117970769,0.096561754,0.125395559,0.106680052,0.107654007,0.103438844,0.112416392,0.135882766,0.152292538,0.172170095,,,
Sierra Leone,SLE,Gross savings (% of GDP),NY.GNS.ICTR.ZS,-9.491743173,-1.527291374,1.340725554,2.778341946,3.730054548,5.662469656,4.316584582,10.0646966,9.163794377,7.711746154,21.14410511,0.95235043,9.442461305,-12.88073409,6.140233144,,
Sierra Leone,SLE,"GDP per capita, PPP (current international $)",NY.GDP.PCAP.PP.CD,723.4657472,661.7667261,811.1083175,862.726771,901.6920778,933.4998171,982.3090272,1059.512973,1110.935143,1144.520751,1192.596559,1246.252789,1428.535497,1712.832695,1782.495442,1401.248088,1473.403805
Sierra Leone,SLE,GDP per capita growth (annual %),NY.GDP.PCAP.KD.ZG,3.696975846,-10.56636138,20.71399471,4.284450223,1.719525904,0.300261559,2.092084523,5.063346542,2.836131748,2.246686623,2.943222275,2.385236254,12.55317591,17.99566603,2.236710829,-22.22520061,3.78446585
Sierra Leone,SLE,GDP per capita (current US$),NY.GDP.PCAP.CD,139.3147734,227.7790471,249.9395402,263.7618312,263.1045817,287.6891942,322.313468,358.8274716,406.3759178,394.5932439,405.1284018,445.052005,561.8984239,710.8186998,708.4394757,587.5038233,496.0494634
Sierra Leone,SLE,Urban population (% of total),SP.URB.TOTL.IN.ZS,35.626,35.867,36.109,36.352,36.596,36.84,37.096,37.364,37.645,37.937,38.241,38.557,38.885,39.226,39.578,39.942,40.318
Sierra Leone,SLE,Rural population (% of total population),SP.RUR.TOTL.ZS,64.374,64.133,63.891,63.648,63.404,63.16,62.904,62.636,62.355,62.063,61.759,61.443,61.115,60.774,60.422,60.058,59.682
Sierra Leone,SLE,GDP growth (annual %),NY.GDP.MKTP.KD.ZG,6.652727885,-7.140319715,26.26857661,9.382384967,6.417536687,4.332484395,5.525833107,8.058321564,5.399676742,4.649512913,5.365143206,4.810186455,15.18176908,20.71576829,4.556772366,-20.49084799,6.067013514
Sierra Leone,SLE,Gross national expenditure (% of GDP),NE.DAB.TOTL.ZS,121.2602758,119.9455132,121.5332587,118.252552,112.7997964,111.8898055,108.1820265,109.0882239,112.1750931,114.2277647,117.4267973,148.1835603,127.4634647,130.1992869,121.6657165,128.0775216,130.3698451
Sierra Leone,SLE,"Average grant element on new external debt commitments, private (%)",DT.GRE.PRVT,0,0,0,0,0,0,0,0,0,0,0,0,0,0,0,0,
Sierra Leone,SLE,"Health expenditure, total (% of GDP)",SH.XPD.TOTL.ZS,13.63256032,11.8345473,11.96043347,11.69246204,11.66277367,12.24678485,10.67789154,10.1169446,10.29246346,13.13439594,10.31962615,11.98498249,11.23526449,11.58532421,11.08990224,,
Sierra Leone,SLE,"Physicians (per 1,000 people)",SH.MED.PHYS.ZS,,,,,0.033,,,,0.016,,0.022,,,,,,
Sierra Leone,SLE,"Nurses and midwives (per 1,000 people)",SH.MED.NUMW.P3,,,,,0.486,,,,0.168,,0.166,,,,,,
Sierra Leone,SLE,"Community health workers (per 1,000 people)",SH.MED.CMHW.P3,,,,,0.108,,,,0.022,,0.022,,,,,,
Sierra Leone,SLE,"Hospital beds (per 1,000 people)",SH.MED.BEDS.ZS,,,,,,,0.4,,,,,,,,,,
Sierra Leone,SLE,Total tax rate (% of commercial profits),IC.TAX.TOTL.CP.ZS,,,,,,272,272,235.2,235.2,235.2,235.2,32.4,32.4,31,31,31,31
Senegal,SEN,"Unemployment, total (% of total labor force) (modeled ILO estimate)",SL.UEM.TOTL.ZS,9.880999565,9.125,5.650000095,8.053999901,8.38599968,8.468000412,10.02999973,8.800000191,9.470999718,10.15299988,9.248000145,10.35999966,10.38700008,10.36299992,10.36299992,9.784999847,9.482000351
Senegal,SEN,"Agriculture, value added (annual % growth)",NV.AGR.TOTL.KD.ZG,2.401818377,1.274064896,-22.24783619,17.82572866,2.384335463,11.01863854,-8.392922347,-5.797676524,19.53026518,13.03040098,5.844469114,-14.76671114,8.914855528,1.847725979,2.396361808,18.16393134,9.036307996
Senegal,SEN,Insurance and financial services (% of commercial service exports),TX.VAL.INSF.ZS.WT,2.076703998,3.003238398,1.654459509,1.987596548,1.597528231,2.155402557,2.58490566,1.889217078,1.463787502,1.919430725,1.526717557,1.871111641,2.589829292,1.682356804,2.341578814,,
Senegal,SEN,Urban population (% of total),SP.URB.TOTL.IN.ZS,40.345,40.49,40.636,40.782,40.943,41.119,41.311,41.518,41.74,41.977,42.23,42.497,42.781,43.079,43.393,43.721,44.065
Senegal,SEN,Rural population (% of total population),SP.RUR.TOTL.ZS,59.655,59.51,59.364,59.218,59.057,58.881,58.689,58.482,58.26,58.023,57.77,57.503,57.219,56.921,56.607,56.279,55.935
Senegal,SEN,Gross savings (% of GDP),NY.GNS.ICTR.ZS,13.80461876,13.91006226,11.76399314,16.52432928,15.74164035,15.94998295,15.22920938,17.42968916,17.08434419,15.34478247,17.45600557,17.50101929,18.32609489,17.0744403,15.97138791,,
Senegal,SEN,"GDP per capita, PPP (current international $)",NY.GDP.PCAP.PP.CD,1511.98434,1577.315648,1571.337173,1665.857782,1765.019728,1873.737614,1926.534515,2020.104627,2077.764364,2084.997148,2136.480863,2154.817596,2223.996483,2269.643472,2339.333925,2445.408376,2567.80042
Senegal,SEN,GDP per capita growth (annual %),NY.GDP.PCAP.KD.ZG,0.700996287,1.996499293,-1.885212656,3.942623312,3.117171061,2.850236219,-0.246947895,2.138660023,0.875508116,-0.408230355,1.232839625,-1.181956422,1.343627138,0.430515824,1.257677737,3.421652085,3.641924904
Senegal,SEN,GDP per capita (current US$),NY.GDP.PCAP.CD,473.4500338,481.2870397,513.026227,642.7663113,733.0581811,773.8698713,809.8038296,950.3978522,1100.336708,1020.566464,1001.631377,1080.253021,1036.405018,1048.912351,1052.443873,908.7256145,958.0737379
Senegal,SEN,GDP growth (annual %),NY.GDP.MKTP.KD.ZG,3.186639102,4.580916419,0.654803692,6.683228134,5.870772214,5.622606857,2.461570253,4.938485083,3.682524403,2.423175917,4.179363063,1.761118048,4.411180285,3.485217346,4.311051022,6.485194754,6.649527991
Senegal,SEN,CO2 emissions (kg per 2011 PPP $ of GDP),EN.ATM.CO2E.PP.GD.KD,0.208882737,0.219632054,0.227256561,0.235014695,0.233433436,0.245477377,0.194989359,0.203530066,0.192967022,0.169547981,0.274976023,0.291967615,0.264437765,0.271991114,,,
Senegal,SEN,CO2 emissions (metric tons per capita),EN.ATM.CO2E.PC,0.398455815,0.427325303,0.433824209,0.46632215,0.477622832,0.516581423,0.409321364,0.436387428,0.417361598,0.365212359,0.599610304,0.629136954,0.577471339,0.596523237,,,
Senegal,SEN,Gross national expenditure (% of GDP),NE.DAB.TOTL.ZS,109.2916743,109.0380004,110.4163687,112.1136091,112.6300393,115.4067792,117.4712066,122.3989428,126.3218989,116.8883781,115.4021409,118.3430485,121.0287188,120.8740338,119.1720247,116.9230344,116.4386542
Senegal,SEN,"Average grant element on new external debt commitments, private (%)",DT.GRE.PRVT,29.4425,9.3727,29.4425,10.2234,0,0,12.0879,0,0,4.7384,0,2.4578,0,74.0752,23.0421,0,
Senegal,SEN,"Health expenditure, total (% of GDP)",SH.XPD.TOTL.ZS,4.63151098,4.97866497,5.06418774,5.39898595,5.68098678,5.35462391,5.4435566,4.72179722,4.93514752,4.8075596,4.62149151,4.41690185,4.31118548,4.51055336,4.66497201,,
Senegal,SEN,Total tax rate (% of commercial profits),IC.TAX.TOTL.CP.ZS,,,,,,50.3,45.5,45.5,45.5,45.5,45.5,45.5,45.5,45.3,45.1,47.3,45.1
Senegal,SEN,"Physicians (per 1,000 people)",SH.MED.PHYS.ZS,,,,,0.057,,,,0.059,,0.059,,,,,,
Senegal,SEN,"Nurses and midwives (per 1,000 people)",SH.MED.NUMW.P3,,,,,0.318,,,,0.42,,0.42,,,,,,
Senegal,SEN,"Community health workers (per 1,000 people)",SH.MED.CMHW.P3,,,,,,,,,,,,,,,,,
Senegal,SEN,"Hospital beds (per 1,000 people)",SH.MED.BEDS.ZS,,,,,,,,0.1,0.3,,,,,,,,
Mali,MLI,Gross national expenditure (% of GDP),NE.DAB.TOTL.ZS,110.4653945,107.5759289,101.6543837,107.0894609,107.9572482,108.1475871,104.1187836,108.3455239,113.2524442,107.0994785,112.3109569,108.461202,103.4079145,107.5272611,108.9040396,107.285262,106.6225719
Mali,MLI,Insurance and financial services (% of commercial service exports),TX.VAL.INSF.ZS.WT,2.502818146,2.885129291,2.776153455,1.538703483,2.322027955,2.94645528,2.414698163,1.310980915,0.559250302,2.077562327,2.163052118,1.627399407,5.32539791,2.410370688,1.6624519,,
Mali,MLI,CO2 emissions (kg per 2011 PPP $ of GDP),EN.ATM.CO2E.PP.GD.KD,0.051194494,0.044767959,0.044379826,0.040494954,0.041433182,0.039868062,0.039957873,0.041313156,0.041868515,0.030134747,0.03417469,0.035871095,0.034396624,0.034738711,,,
Mali,MLI,CO2 emissions (metric tons per capita),EN.ATM.CO2E.PC,0.074893437,0.073383783,0.072779635,0.070254145,0.070724633,0.070195456,0.071249296,0.073738963,0.075735439,0.055231208,0.063974498,0.067247651,0.062083931,0.062311648,,,
Mali,MLI,Gross savings (% of GDP),NY.GNS.ICTR.ZS,9.971181075,12.03975964,11.67861108,14.73397902,13.87850005,13.06916258,18.05486215,17.72683983,13.358938,17.36881889,12.82489718,14.29729162,16.13233682,23.38214262,20.29155468,,
Mali,MLI,"GDP per capita, PPP (current international $)",NY.GDP.PCAP.PP.CD,1159.551873,1328.888461,1349.883549,1456.524978,1472.481882,1567.708574,1636.445353,1681.662578,1737.714752,1774.06535,1834.117059,1874.70303,1838.190576,1856.267363,1964.75247,2043.45923,2117.218178
Mali,MLI,GDP per capita growth (annual %),NY.GDP.PCAP.KD.ZG,-2.830625892,12.05011235,0.044096885,5.790524044,-1.609907015,3.148153035,1.273156684,0.099161466,1.345141527,1.322384779,2.13752128,0.145208782,-3.721145407,-0.621567621,3.982606553,2.898828067,2.264579458
Mali,MLI,GDP per capita (current US$),NY.GDP.PCAP.CD,269.3483829,306.8473237,334.2024016,391.7912801,439.3572924,487.9402556,521.6425796,595.6368319,689.6784228,697.0153124,708.3707632,835.0889098,777.3476868,777.6059139,825.5729915,729.7205338,780.5071109
Mali,MLI,Urban population (% of total),SP.URB.TOTL.IN.ZS,28.356,29.075,29.806,30.547,31.3,32.06,32.832,33.612,34.403,35.2,35.996,36.789,37.579,38.363,39.143,39.916,40.683
Mali,MLI,Rural population (% of total population),SP.RUR.TOTL.ZS,71.644,70.925,70.194,69.453,68.7,67.94,67.168,66.388,65.597,64.8,64.004,63.211,62.421,61.637,60.857,60.084,59.317
Mali,MLI,GDP growth (annual %),NY.GDP.MKTP.KD.ZG,-0.060834972,15.37623946,3.106308252,9.119041995,1.559998661,6.534762657,4.66218688,3.493616811,4.773382727,4.6790657,5.413452222,3.240252913,-0.836178866,2.303584809,7.043356204,5.962581591,5.349464531
Mali,MLI,"Unemployment, total (% of total labor force) (modeled ILO estimate)",SL.UEM.TOTL.ZS,7.945000172,7.622000217,7.315999985,4.532000065,8.75399971,9.583000183,10.42000008,11.69999981,10.56599998,9.423000336,7.300000191,6.900000095,6.93200016,7.300000191,8.199999809,8.137999535,8.097000122
Mali,MLI,"Agriculture, value added (annual % growth)",NV.AGR.TOTL.KD.ZG,-10.68522259,11.3853122,-3.700045127,14.55877214,-2.257455527,7.5720007,4.181400838,3.360564488,11.41697227,3.120274368,10.45107674,-1.339407615,8.179191767,-2.137629384,8.750027383,6.924199557,2.109364855
Mali,MLI,"Average grant element on new external debt commitments, private (%)",DT.GRE.PRVT,0,0,0,30.7672,0,0,0,0,21.2606,30.9143,0,0,0,0,0,0,
Mali,MLI,"Health expenditure, total (% of GDP)",SH.XPD.TOTL.ZS,6.29294165,6.39271264,6.31707332,6.25006856,6.2798959,6.33580578,6.55543828,6.97251095,6.7369722,6.84936871,6.35206417,6.58863181,6.46533952,6.5777895,6.86216649,,
Mali,MLI,Total tax rate (% of commercial profits),IC.TAX.TOTL.CP.ZS,,,,,,51.4,51.4,51.4,51.4,51.4,51.4,51.1,51.1,48.3,48.3,48.3,48.3
Mali,MLI,"Physicians (per 1,000 people)",SH.MED.PHYS.ZS,0.044,,,,0.079,,,0.074,0.049,0.074,0.083,,,,,,
Mali,MLI,"Nurses and midwives (per 1,000 people)",SH.MED.NUMW.P3,,,,,0.622,,,0.201,0.297,0.426,0.43,,,,,,
Mali,MLI,"Community health workers (per 1,000 people)",SH.MED.CMHW.P3,,,,,0.005,,,0.077,,0.008,0.007,,,,,,
Mali,MLI,"Hospital beds (per 1,000 people)",SH.MED.BEDS.ZS,,,,,,0.3,,,0.6,,0.1,,,,,,
Liberia,LBR,Insurance and financial services (% of commercial service exports),TX.VAL.INSF.ZS.WT,,,,,,,,,,,,,12.45158801,13.60985209,,,
Liberia,LBR,CO2 emissions (kg per 2011 PPP $ of GDP),EN.ATM.CO2E.PP.GD.KD,0.17582837,0.198824713,0.190195334,0.290559436,0.332639375,0.374251392,0.355093914,0.290811559,0.228402853,0.198596293,0.28806905,0.299363908,0.319237934,0.272774428,,,
Liberia,LBR,CO2 emissions (metric tons per capita),EN.ATM.CO2E.PC,0.147467067,0.165504231,0.160430943,0.168274003,0.193947011,0.223760054,0.221594757,0.191025901,0.154168463,0.13565347,0.201548583,0.219830783,0.246421494,0.223290253,,,
Liberia,LBR,Gross savings (% of GDP),NY.GNS.ICTR.ZS,,,,,-12.20333222,-19.30328306,80.72825064,-8.746272391,28.66169886,22.53822607,6.264763539,17.52454783,12.99127629,-7.711831492,-13.35969799,-2.83920308,
Liberia,LBR,"GDP per capita, PPP (current international $)",NY.GDP.PCAP.PP.CD,664.7766667,674.8301245,694.3210161,486.2156545,502.9640936,532.3540947,572.7162985,618.8861988,648.426741,661.1688639,685.5006861,734.3262738,786.1243216,847.1320298,847.6885942,836.0755712,812.8867372
Liberia,LBR,GDP per capita growth (annual %),NY.GDP.PCAP.KD.ZG,21.92750994,-0.749514144,1.332683439,-31.34158668,0.676333935,2.543868926,4.375151083,5.260236644,2.757475026,1.196561014,2.429104953,4.955673239,5.117500739,6.047886558,-1.694317586,-2.419848249,-4.035610729
Liberia,LBR,GDP per capita (current US$),NY.GDP.PCAP.CD,183.4149991,174.1815473,177.2851087,133.4945108,149.4452549,168.6480254,178.927099,210.3733292,232.061732,303.0667491,327.4205097,379.6895803,415.0361958,454.1222236,458.4651734,452.0380717,455.3707414
Liberia,LBR,Urban population (% of total),SP.URB.TOTL.IN.ZS,44.331,44.673,45.017,45.361,45.706,46.051,46.396,46.742,47.088,47.441,47.801,48.168,48.541,48.921,49.308,49.701,50.1
Liberia,LBR,Rural population (% of total population),SP.RUR.TOTL.ZS,55.669,55.327,54.983,54.639,54.294,53.949,53.604,53.258,52.912,52.559,52.199,51.832,51.459,51.079,50.692,50.299,49.9
Liberia,LBR,"Unemployment, total (% of total labor force) (modeled ILO estimate)",SL.UEM.TOTL.ZS,4.537000179,4.368000031,4.209000111,4.09499979,3.984999895,4.93599987,4.156000137,5.599999905,5.112999916,4.618000031,3.700000048,3.713999987,3.721999884,3.724999905,3.622999907,3.871000051,4.001999855
Liberia,LBR,GDP growth (annual %),NY.GDP.MKTP.KD.ZG,28.61593335,2.918717298,3.762764999,-30.14522252,2.620605256,5.28197573,8.043162022,9.534892858,7.146939285,5.300099075,6.099944692,8.199998146,7.99445127,8.703875016,0.701141636,0,-1.6
Liberia,LBR,"Agriculture, value added (annual % growth)",NV.AGR.TOTL.KD.ZG,,5.543259562,-1.988981387,-29.8244253,-14.90735356,3.079137188,4.235332772,7.278486936,10.54860507,5.26670825,3.602821516,3.887523698,1.902870284,2.568022789,-0.626098231,0.072639485,-1.359205813
Liberia,LBR,Gross national expenditure (% of GDP),NE.DAB.TOTL.ZS,107.5605134,97.44493282,88.42127072,99.80615385,255.2559511,252.1818182,212.2462849,261.4284292,210.3359193,179.6828093,173.4962738,172.6529183,156.3411121,161.8340611,180.1043219,187.079646,178.8576868
Liberia,LBR,"Average grant element on new external debt commitments, private (%)",DT.GRE.PRVT,0,0,0,0,0,0,0,0,0,0,0,0,0,0,0,0,
Liberia,LBR,"Health expenditure, total (% of GDP)",SH.XPD.TOTL.ZS,5.91313981,6.40765167,5.42610813,3.43834059,8.77485716,8.0358831,10.90408771,10.23524323,11.82501159,14.39018881,11.86712183,11.23228864,10.18650065,9.25436605,10.03633328,,
Liberia,LBR,Total tax rate (% of commercial profits),IC.TAX.TOTL.CP.ZS,,,,,,,42.5,42.2,42.5,42.5,42.5,42.5,25.3,28.6,31.4,45.6,45.9
Liberia,LBR,"Physicians (per 1,000 people)",SH.MED.PHYS.ZS,,,,,0.03,,,,0.014,,0.014,,,,,,
Liberia,LBR,"Nurses and midwives (per 1,000 people)",SH.MED.NUMW.P3,,,,,0.297,,,,0.274,,0.274,,,,,,
Liberia,LBR,"Community health workers (per 1,000 people)",SH.MED.CMHW.P3,,,,,0.041,,,,,,,,,,,,
Liberia,LBR,"Hospital beds (per 1,000 people)",SH.MED.BEDS.ZS,,,,,,,,,,0.7,0.8,,,,,,
Guinea,GIN,Gross savings (% of GDP),NY.GNS.ICTR.ZS,16.10914496,15.12991146,12.4973423,19.18547468,12.62315347,9.362357664,2.96681587,-5.530060689,1.194903987,-2.981597214,-6.408214923,-6.248752183,-22.10913955,-17.0549326,,,
Guinea,GIN,"GDP per capita, PPP (current international $)",NY.GDP.PCAP.PP.CD,896.3310291,933.0725242,978.202759,991.4486186,1022.73395,1065.99481,1103.192059,1127.883761,1180.315517,1159.728243,1170.276694,1214.021016,1257.090692,1277.871981,1276.207676,1260.684643,1310.687204
Guinea,GIN,GDP per capita growth (annual %),NY.GDP.PCAP.KD.ZG,0.701955566,1.779641713,3.251691755,-0.62744306,0.394936359,0.980728623,0.404738655,-0.41216212,2.635376107,-2.484782373,-0.308025008,1.639470491,1.674785996,0.037512746,-1.8868115,-2.2678608,2.6167361
Guinea,GIN,GDP per capita (current US$),NY.GDP.PCAP.CD,340.0516918,315.8398003,322.811171,370.1931781,386.3288283,303.424498,296.6803082,409.456775,437.4467238,436.6895539,438.7513346,459.2009012,502.3485646,540.1693204,561.0997387,554.0408766,508.1450784
Guinea,GIN,Insurance and financial services (% of commercial service exports),TX.VAL.INSF.ZS.WT,0.485354944,9.247584716,3.466796875,1.209030099,0.358422939,3.342857143,6.24503837,0.929916081,0.432580713,8.76458271,15.82757486,11.65887519,15.58050032,5.33240307,,,
Guinea,GIN,CO2 emissions (kg per 2011 PPP $ of GDP),EN.ATM.CO2E.PP.GD.KD,0.128479357,0.125720735,0.121910535,0.122074819,0.119283446,0.101889455,0.099407519,0.100117523,0.172600529,0.178594085,0.201937137,0.207479352,0.185386644,0.161397831,,,
Guinea,GIN,CO2 emissions (metric tons per capita),EN.ATM.CO2E.PC,0.145288791,0.144699352,0.144876548,0.144161537,0.141421456,0.121983999,0.119494267,0.11985171,0.212067121,0.213978768,0.2412015,0.251884294,0.22883261,0.199296674,,,
Guinea,GIN,Urban population (% of total),SP.URB.TOTL.IN.ZS,31.017,31.355,31.702,32.06,32.428,32.807,33.196,33.596,34.005,34.426,34.856,35.297,35.748,36.209,36.68,37.161,37.651
Guinea,GIN,Rural population (% of total population),SP.RUR.TOTL.ZS,68.983,68.645,68.298,67.94,67.572,67.193,66.804,66.404,65.995,65.574,65.144,64.703,64.252,63.791,63.32,62.839,62.349
Guinea,GIN,GDP growth (annual %),NY.GDP.MKTP.KD.ZG,2.503060561,3.658346471,5.164609466,1.24860126,2.340117313,2.997272561,2.496728569,1.757682351,4.936932709,-0.280192286,1.936217423,3.90876145,3.944111989,2.299999238,0.399998601,0.099994528,5.199999192
Guinea,GIN,"Unemployment, total (% of total labor force) (modeled ILO estimate)",SL.UEM.TOTL.ZS,6.811999798,6.837999821,6.857999802,6.835999966,6.862999916,6.882999897,6.888000011,6.888000011,6.934000015,6.879000187,6.900000095,6.903999805,6.901000023,6.979000092,6.952000141,6.90199995,6.847000122
Guinea,GIN,"Agriculture, value added (annual % growth)",NV.AGR.TOTL.KD.ZG,2.946603478,5.926133927,4.211069128,3.526260514,3.207243928,1.339775366,3.907640812,2.800522122,3.599297246,3.228958812,3.190814494,4.656621442,4.347395755,7.419017764,2.091439689,0.57170081,3.979156798
Guinea,GIN,Gross national expenditure (% of GDP),NE.DAB.TOTL.ZS,104.4339729,101.4395842,102.4926139,99.22865232,101.1902677,100.3254197,102.0270908,107.6536495,105.1438946,104.2555843,108.1773028,117.8679691,132.2543854,126.1503496,125.3528819,124.484017,121.3898654
Guinea,GIN,"Average grant element on new external debt commitments, private (%)",DT.GRE.PRVT,0,0,0,55.5963,15.8521,0,0,0,0,0,0,0,0,0,0,0,
Guinea,GIN,"Health expenditure, total (% of GDP)",SH.XPD.TOTL.ZS,3.45616834,3.65332963,3.76254133,3.44611461,3.13747392,2.82148862,3.02029095,3.07812234,3.2070461,3.84851388,4.54713891,4.73099737,5.39134293,5.49316028,5.64479793,,
Guinea,GIN,Total tax rate (% of commercial profits),IC.TAX.TOTL.CP.ZS,,,,,,80.7,80.7,80.7,80.7,80.7,87.8,91.2,91.2,68.3,68.3,68.3,68.3
Guinea,GIN,"Physicians (per 1,000 people)",SH.MED.PHYS.ZS,0.094,,,,0.115,0.1,,,,,0.1,,,,,,
Guinea,GIN,"Nurses and midwives (per 1,000 people)",SH.MED.NUMW.P3,0.469,,,,0.511,,,,,,,,,,,,
Guinea,GIN,"Community health workers (per 1,000 people)",SH.MED.CMHW.P3,,,,,0.011,0.018,,,,,,,,,,,
Guinea,GIN,"Hospital beds (per 1,000 people)",SH.MED.BEDS.ZS,,,,,,0.3,,,,,,0.3,,,,,
Nigeria,NGA,"Physicians (per 1,000 people)",SH.MED.PHYS.ZS,0.269,,,0.282,,0.298,0.369,0.403,0.403,0.408,0.395,,,,,,
Nigeria,NGA,"Nurses and midwives (per 1,000 people)",SH.MED.NUMW.P3,,,,1.696,,1.623,1.595,1.599,1.605,,1.605,,,,,,
Nigeria,NGA,"Community health workers (per 1,000 people)",SH.MED.CMHW.P3,,,,,0.911,,,0.14,0.137,,,,,,,,
Nigeria,NGA,"Hospital beds (per 1,000 people)",SH.MED.BEDS.ZS,1.2,,,,0.5,,,,,,,,,,,,
Nigeria,NGA,Insurance and financial services (% of commercial service exports),TX.VAL.INSF.ZS.WT,0.849758146,0.849941543,0.850115334,0.112966908,0.166021903,0.803822575,0.618290963,1.633389985,0.833073071,0.502285761,0.566327597,0.761649571,0.629595895,1.361726592,2.407877208,11.09734959,
Nigeria,NGA,CO2 emissions (kg per 2011 PPP $ of GDP),EN.ATM.CO2E.PP.GD.KD,0.227190156,0.229051138,0.25982349,0.223486265,0.174124505,0.181594886,0.158522234,0.142634056,0.135761196,0.101323851,0.112667647,0.11217796,0.111540088,0.101597249,,,
Nigeria,NGA,CO2 emissions (metric tons per capita),EN.ATM.CO2E.PC,0.647071762,0.664256559,0.762545743,0.705683197,0.716723756,0.753487666,0.693421339,0.649213947,0.639510536,0.49698548,0.580256275,0.589977039,0.595562908,0.556657254,,,
Nigeria,NGA,Urban population (% of total),SP.URB.TOTL.IN.ZS,34.84,35.669,36.508,37.356,38.212,39.074,39.943,40.819,41.702,42.588,43.48,44.362,45.234,46.094,46.942,47.776,48.597
Nigeria,NGA,Rural population (% of total population),SP.RUR.TOTL.ZS,65.16,64.331,63.492,62.644,61.788,60.926,60.057,59.181,58.298,57.412,56.52,55.638,54.766,53.906,53.058,52.224,51.403
Nigeria,NGA,"Unemployment, total (% of total labor force) (modeled ILO estimate)",SL.UEM.TOTL.ZS,6.702000141,6.77699995,6.853000164,6.931000233,7.011000156,7.05700016,7.102000237,7.146999836,7.191999912,7.237999916,7.285999775,7.334000111,7.599999905,7.099999905,4.800000191,4.275000095,5.005000114
Nigeria,NGA,Gross savings (% of GDP),NY.GNS.ICTR.ZS,29.36449807,10.49502568,7.644456202,4.50266034,10.61627458,19.6230923,38.93261914,16.27563168,25.64200895,14.66043732,25.49161504,25.87138988,33.33343521,19.23316728,22.12345206,17.67833959,
Nigeria,NGA,"GDP per capita, PPP (current international $)",NY.GDP.PCAP.PP.CD,2257.525221,2351.035161,2415.791906,2650.976241,3550.744733,3694.485774,4014.48935,4288.395313,4525.212182,4747.714933,5045.978167,5259.295504,5437.807117,5670.102575,5974.756571,6037.697433,5867.141985
Nigeria,NGA,GDP per capita growth (annual %),NY.GDP.PCAP.KD.ZG,2.714290675,1.821727504,1.20083398,7.589886622,30.35658183,0.804664717,5.422785011,4.053714709,3.492157398,4.12618684,4.999833324,2.119093602,1.524085569,2.614625618,3.519623839,-0.022234865,-4.086254022
Nigeria,NGA,GDP per capita (current US$),NY.GDP.PCAP.CD,379.1193264,351.7996666,459.4572117,512.650719,648.8150852,807.8938738,1019.743286,1136.829645,1383.893354,1097.661422,2327.32067,2527.942003,2755.297787,2996.964302,3221.678128,2655.157977,2177.98517
Nigeria,NGA,GDP growth (annual %),NY.GDP.MKTP.KD.ZG,5.318093381,4.411065196,3.784648183,10.35418456,33.73577503,3.444666813,8.210964859,6.828398348,6.270263697,6.934416004,7.839739477,4.887386611,4.279277314,5.394416311,6.309718253,2.652693623,-1.541056556
Nigeria,NGA,"Agriculture, value added (annual % growth)",NV.AGR.TOTL.KD.ZG,2.945220466,3.880848941,55.18263853,6.982713189,6.292025063,7.055755031,7.40304275,7.191590826,6.266296423,5.879196511,5.822678494,2.915848922,6.7041582,2.936680011,4.270127449,3.717921487,4.106746256
Nigeria,NGA,Gross national expenditure (% of GDP),NE.DAB.TOTL.ZS,67.9198098,90.9167071,91.45225604,95.64310334,88.12662637,87.4344171,78.38665479,97.00586668,85.20671551,100.2656219,92.12315364,90.13449446,81.50264154,94.94904677,94.01494161,99.86048103,
Nigeria,NGA,"Average grant element on new external debt commitments, private (%)",DT.GRE.PRVT,0,0,30.4511,0,0,0,0,0,0,0,0,19.9698,0,14.608,0,0,
Nigeria,NGA,"Health expenditure, total (% of GDP)",SH.XPD.TOTL.ZS,2.83703653,3.24623068,2.43166603,4.04693455,4.32750562,4.10629745,3.65686026,4.4733267,3.99807623,4.23500082,3.47052573,3.68701062,3.2990842,3.70392576,3.66879844,,
Nigeria,NGA,Total tax rate (% of commercial profits),IC.TAX.TOTL.CP.ZS,,,,,,30.5,31.3,31.3,31.3,31.3,31.3,31.8,32.2,32.4,32.4,33.3,34.3
Uganda,UGA,"Health expenditure, total (% of GDP)",SH.XPD.TOTL.ZS,6.77320288,7.26084954,7.78265962,7.5364715,8.89591147,9.36187998,9.86250092,9.76286949,9.10394727,8.42938791,11.02478546,9.08972092,7.58352882,7.47352248,7.22213686,,
Uganda,UGA,"Physicians (per 1,000 people)",SH.MED.PHYS.ZS,,,0.047,,0.083,0.117,,,,,0.117,,,,,,
Uganda,UGA,"Nurses and midwives (per 1,000 people)",SH.MED.NUMW.P3,,,,,0.71,1.306,,,,,1.306,,,,,,
Uganda,UGA,"Community health workers (per 1,000 people)",SH.MED.CMHW.P3,,,,,,0.188,,,,,,,,,,,
Uganda,UGA,"Hospital beds (per 1,000 people)",SH.MED.BEDS.ZS,,,,,0.7,1,1.1,,,0.4,0.5,,,,,,
Uganda,UGA,Total tax rate (% of commercial profits),IC.TAX.TOTL.CP.ZS,,,,,,36.7,35,36.6,35.4,36.6,36.6,33.5,33.5,36.5,33.5,33.5,33.5
Uganda,UGA,Insurance and financial services (% of commercial service exports),TX.VAL.INSF.ZS.WT,,0.816636743,0.857290541,3.916908899,3.787465976,3.87102241,4.510814237,5.098836624,3.879407426,4.121710934,3.261013497,2.660156227,3.293685709,2.077506701,3.350989932,3.413715538,
Uganda,UGA,CO2 emissions (kg per 2011 PPP $ of GDP),EN.ATM.CO2E.PP.GD.KD,0.055757972,0.056000422,0.05312793,0.051189385,0.052104004,0.061199542,0.064573243,0.067825602,0.068884607,0.068394138,0.07504765,0.074604884,0.068810144,0.079615361,,,
Uganda,UGA,CO2 emissions (metric tons per capita),EN.ATM.CO2E.PC,0.059491397,0.060784975,0.060598495,0.060049683,0.063048843,0.076053411,0.085871646,0.094460608,0.100754816,0.103166875,0.1155833,0.121524015,0.112514417,0.130358436,,,
Uganda,UGA,Gross savings (% of GDP),NY.GNS.ICTR.ZS,14.35649304,14.06119871,16.19708246,17.33772543,19.99211545,20.2750113,16.77405976,15.84732197,22.17556256,14.92636373,18.93961084,17.68005854,18.81401447,20.58470577,19.05120454,16.45478601,
Uganda,UGA,"GDP per capita, PPP (current international $)",NY.GDP.PCAP.PP.CD,845.7010509,879.9554249,938.8819124,984.8672694,1043.839132,1106.501459,1220.45138,1312.161474,1405.110656,1460.071148,1508.977415,1628.901607,1665.263063,1694.444174,1755.460933,1802.086206,1848.786757
Uganda,UGA,GDP per capita growth (annual %),NY.GDP.PCAP.KD.ZG,-0.145857409,1.732039316,5.083370306,2.84705689,3.15142152,2.698594382,7.010567028,4.727295002,5.023515168,3.128278754,2.102552157,5.76375401,0.38315892,0.135152618,1.778791309,1.563273005,1.259752037
Uganda,UGA,GDP per capita (current US$),NY.GDP.PCAP.CD,257.6303609,234.9840775,240.2423229,237.9995917,288.0236949,315.7880227,336.4593923,401.8508631,449.6928183,647.0107732,594.9972557,584.3962137,647.704741,662.4922903,719.172669,693.8963829,615.3088032
Uganda,UGA,Urban population (% of total),SP.URB.TOTL.IN.ZS,12.082,12.167,12.253,12.483,12.755,13.031,13.313,13.6,13.892,14.189,14.492,14.8,15.115,15.437,15.766,16.101,16.444
Uganda,UGA,Rural population (% of total population),SP.RUR.TOTL.ZS,87.918,87.833,87.747,87.517,87.245,86.969,86.687,86.4,86.108,85.811,85.508,85.2,84.885,84.563,84.234,83.899,83.556
Uganda,UGA,GDP growth (annual %),NY.GDP.MKTP.KD.ZG,3.141907338,5.183661126,8.732685764,6.473258671,6.807233344,6.332565116,10.78474439,8.412425966,8.708751901,6.736995437,5.664369913,9.438932596,3.85329199,3.57422022,5.246819027,4.993405192,4.647519059
Uganda,UGA,"Unemployment, total (% of total labor force) (modeled ILO estimate)",SL.UEM.TOTL.ZS,1.674999952,2.178999901,3.5,3.200000048,2.615999937,1.899999976,3.339999914,2.779999971,1.82099998,2.815000057,3.056999922,3.377000093,1.45599997,1.909999967,1.911999941,2.147000074,2.280999899
Uganda,UGA,"Agriculture, value added (annual % growth)",NV.AGR.TOTL.KD.ZG,-0.438331712,7.856684045,7.066710548,2.139936528,1.588615744,2.0493544,0.458586003,0.119237784,1.345842484,3.100046784,2.942498378,3.259737405,0.702535794,1.988644866,2.979267726,2.314188626,3.182331959
Uganda,UGA,Gross national expenditure (% of GDP),NE.DAB.TOTL.ZS,111.4462148,112.2938115,113.8512358,113.8122768,110.0663247,110.6348855,113.082459,113.3272796,107.6979835,110.4613634,111.4602503,114.6601787,112.6943552,110.1847569,109.7500219,110.924846,110.0820421
Uganda,UGA,"Average grant element on new external debt commitments, private (%)",DT.GRE.PRVT,9.5641,0,2.257,0,0,0,0,0,0,0,0,0,0,0,0,0,
